id,original_filename,image_type,treatment,reason,enhanced_jpg,website_webp,original_reference,export_width,export_height,identical_to_image_id
1,images/WhatsApp Image 2026-10-04 at 9.04.02 PM.jpeg,newspaper,STANDARD_CLEANUP,Readable newspaper text preserved,enhanced_jpg/news-001.jpg,website_webp/news-001.webp,,468,663,
9,images/WhatsApp Image 2026-10-04 at 9.04.14 PM (2).jpeg,newspaper,STANDARD_CLEANUP,Readable newspaper text preserved,enhanced_jpg/news-009.jpg,website_webp/news-009.webp,,587,177,
10,images/WhatsApp Image 2026-10-04 at 9.04.14 PM.jpeg,newspaper,STANDARD_CLEANUP,Readable newspaper text preserved,enhanced_jpg/news-010.jpg,website_webp/news-010.webp,,1155,342,
11,images/WhatsApp Image 2026-10-04 at 9.04.15 PM (1).jpeg,newspaper,STANDARD_CLEANUP,Readable newspaper text preserved,enhanced_jpg/news-011.jpg,website_webp/news-011.webp,,1234,286,
13,images/WhatsApp Image 2026-10-04 at 9.04.15 PM.jpeg,newspaper,STANDARD_CLEANUP,Readable newspaper text preserved,enhanced_jpg/news-013.jpg,website_webp/news-013.webp,,469,818,
16,images/WhatsApp Image 2026-10-04 at 9.04.17 PM (1).jpeg,newspaper,STANDARD_CLEANUP,Readable newspaper text preserved,enhanced_jpg/news-016.jpg,website_webp/news-016.webp,,1280,1280,
18,images/WhatsApp Image 2026-10-04 at 9.04.18 PM (1).jpeg,newspaper,STANDARD_CLEANUP,Readable newspaper text preserved,enhanced_jpg/news-018.jpg,website_webp/news-018.webp,,1280,1280,16
19,images/WhatsApp Image 2026-10-04 at 9.04.18 PM.jpeg,newspaper,STANDARD_CLEANUP,Readable newspaper text preserved,enhanced_jpg/news-019.jpg,website_webp/news-019.webp,,1280,1280,
20,images/WhatsApp Image 2026-10-04 at 9.04.19 PM (1).jpeg,newspaper,STANDARD_CLEANUP,Readable newspaper text preserved,enhanced_jpg/news-020.jpg,website_webp/news-020.webp,,1280,1280,16
21,images/WhatsApp Image 2026-10-04 at 9.04.19 PM.jpeg,newspaper,STANDARD_CLEANUP,Readable newspaper text preserved,enhanced_jpg/news-021.jpg,website_webp/news-021.webp,,1280,1280,
22,images/WhatsApp Image 2026-10-04 at 9.04.20 PM.jpeg,newspaper,STANDARD_CLEANUP,Readable newspaper text preserved,enhanced_jpg/news-022.jpg,website_webp/news-022.webp,,1280,1280,19
23,images/WhatsApp Image 2026-10-04 at 9.04.21 PM.jpeg,newspaper,STANDARD_CLEANUP,Readable newspaper text preserved,enhanced_jpg/news-023.jpg,website_webp/news-023.webp,,1280,1280,21
24,images/WhatsApp Image 2026-10-04 at 9.04.22 PM.jpeg,newspaper,STANDARD_CLEANUP,Readable newspaper text preserved,enhanced_jpg/news-024.jpg,website_webp/news-024.webp,,1280,1280,
27,images/WhatsApp Image 2026-10-04 at 9.04.24 PM (1).jpeg,newspaper,STANDARD_CLEANUP,Readable newspaper text preserved,enhanced_jpg/news-027.jpg,website_webp/news-027.webp,,1280,1280,24
36,images/WhatsApp Image 2026-10-04 at 9.04.32 PM.jpeg,newspaper,STANDARD_CLEANUP,Readable newspaper text preserved,enhanced_jpg/news-036.jpg,website_webp/news-036.webp,,520,1280,
42,images/WhatsApp Image 2026-10-04 at 9.04.38 PM.jpeg,newspaper,STANDARD_CLEANUP,Readable newspaper text preserved,enhanced_jpg/news-042.jpg,website_webp/news-042.webp,,832,1280,
43,images/WhatsApp Image 2026-10-04 at 9.04.39 PM.jpeg,newspaper,STANDARD_CLEANUP,Readable newspaper text preserved,enhanced_jpg/news-043.jpg,website_webp/news-043.webp,,1050,750,
44,images/WhatsApp Image 2026-10-04 at 9.04.42 PM.jpeg,newspaper,STANDARD_CLEANUP,Readable newspaper text preserved,enhanced_jpg/news-044.jpg,website_webp/news-044.webp,,600,484,
45,images/WhatsApp Image 2026-10-04 at 9.04.44 PM (1).jpeg,newspaper,STANDARD_CLEANUP,Readable newspaper text preserved,enhanced_jpg/news-045.jpg,website_webp/news-045.webp,,813,248,
47,images/WhatsApp Image 2026-10-04 at 9.04.45 PM (1).jpeg,newspaper,STANDARD_CLEANUP,Readable newspaper text preserved,enhanced_jpg/news-047.jpg,website_webp/news-047.webp,,737,506,
49,images/WhatsApp Image 2026-10-04 at 9.04.45 PM.jpeg,newspaper,STANDARD_CLEANUP,Readable newspaper text preserved,enhanced_jpg/news-049.jpg,website_webp/news-049.webp,,1280,1280,
55,images/WhatsApp Image 2026-10-04 at 9.04.49 PM (1).jpeg,newspaper,STANDARD_CLEANUP,Readable newspaper text preserved,enhanced_jpg/news-055.jpg,website_webp/news-055.webp,,1229,447,
67,images/WhatsApp Image 2026-10-04 at 9.05.03 PM (1).jpeg,newspaper,STANDARD_CLEANUP,Readable newspaper text preserved,enhanced_jpg/news-067.jpg,website_webp/news-067.webp,,437,284,
72,images/WhatsApp Image 2026-10-04 at 9.05.06 PM (2).jpeg,newspaper,STANDARD_CLEANUP,Readable newspaper text preserved,enhanced_jpg/news-072.jpg,website_webp/news-072.webp,,915,961,
83,images/WhatsApp Image 2026-10-04 at 9.05.17 PM.jpeg,newspaper,STANDARD_CLEANUP,Readable newspaper text preserved,enhanced_jpg/news-083.jpg,website_webp/news-083.webp,,1248,1204,
86,images/WhatsApp Image 2026-10-04 at 9.05.18 PM.jpeg,newspaper,STANDARD_CLEANUP,Readable newspaper text preserved,enhanced_jpg/news-086.jpg,website_webp/news-086.webp,,1128,496,
91,images/WhatsApp Image 2026-10-04 at 9.05.21 PM (1).jpeg,newspaper,STANDARD_CLEANUP,Readable newspaper text preserved,enhanced_jpg/news-091.jpg,website_webp/news-091.webp,,1094,877,
93,images/WhatsApp Image 2026-10-04 at 9.05.21 PM.jpeg,newspaper,STANDARD_CLEANUP,Readable newspaper text preserved,enhanced_jpg/news-093.jpg,website_webp/news-093.webp,,917,1280,
95,images/WhatsApp Image 2026-10-04 at 9.05.23 PM (2).jpeg,newspaper,STANDARD_CLEANUP,Readable newspaper text preserved,enhanced_jpg/news-095.jpg,website_webp/news-095.webp,,648,671,
96,images/WhatsApp Image 2026-10-04 at 9.05.23 PM.jpeg,newspaper,STANDARD_CLEANUP,Readable newspaper text preserved,enhanced_jpg/news-096.jpg,website_webp/news-096.webp,,1280,1176,
101,images/WhatsApp Image 2026-10-04 at 9.06.06 PM (1).jpeg,newspaper,STANDARD_CLEANUP,Readable newspaper text preserved,enhanced_jpg/news-101.jpg,website_webp/news-101.webp,,648,671,95
104,images/WhatsApp Image 2026-10-04 at 9.06.12 PM (1).jpeg,newspaper,STANDARD_CLEANUP,Readable newspaper text preserved,enhanced_jpg/news-104.jpg,website_webp/news-104.webp,,1094,877,91
105,images/WhatsApp Image 2026-10-04 at 9.06.12 PM.jpeg,newspaper,STANDARD_CLEANUP,Readable newspaper text preserved,enhanced_jpg/news-105.jpg,website_webp/news-105.webp,,1280,1176,96
108,images/WhatsApp Image 2026-10-04 at 9.06.13 PM.jpeg,newspaper,STANDARD_CLEANUP,Readable newspaper text preserved,enhanced_jpg/news-108.jpg,website_webp/news-108.webp,,917,1280,93
112,images/WhatsApp Image 2026-10-04 at 9.06.15 PM (1).jpeg,newspaper,STANDARD_CLEANUP,Readable newspaper text preserved,enhanced_jpg/news-112.jpg,website_webp/news-112.webp,,1248,1204,83
114,images/WhatsApp Image 2026-10-04 at 9.06.15 PM.jpeg,newspaper,STANDARD_CLEANUP,Readable newspaper text preserved,enhanced_jpg/news-114.jpg,website_webp/news-114.webp,,1128,496,86
124,images/WhatsApp Image 2026-10-04 at 9.06.24 PM.jpeg,newspaper,STANDARD_CLEANUP,Readable newspaper text preserved,enhanced_jpg/news-124.jpg,website_webp/news-124.webp,,1080,1054,
128,images/WhatsApp Image 2026-10-04 at 9.06.27 PM (1).jpeg,newspaper,STANDARD_CLEANUP,Readable newspaper text preserved,enhanced_jpg/news-128.jpg,website_webp/news-128.webp,,1080,637,
130,images/WhatsApp Image 2026-10-04 at 9.06.29 PM.jpeg,newspaper,STANDARD_CLEANUP,Readable newspaper text preserved,enhanced_jpg/news-130.jpg,website_webp/news-130.webp,,1080,902,
131,images/WhatsApp Image 2026-10-04 at 9.06.30 PM (1).jpeg,newspaper,STANDARD_CLEANUP,Readable newspaper text preserved,enhanced_jpg/news-131.jpg,website_webp/news-131.webp,,1028,716,
132,images/WhatsApp Image 2026-10-04 at 9.06.30 PM.jpeg,newspaper,STANDARD_CLEANUP,Readable newspaper text preserved,enhanced_jpg/news-132.jpg,website_webp/news-132.webp,,1080,1116,
133,images/WhatsApp Image 2026-10-04 at 9.06.31 PM (1).jpeg,newspaper,STANDARD_CLEANUP,Readable newspaper text preserved,enhanced_jpg/news-133.jpg,website_webp/news-133.webp,,1080,603,
135,images/WhatsApp Image 2026-10-04 at 9.06.31 PM.jpeg,newspaper,STANDARD_CLEANUP,Readable newspaper text preserved,enhanced_jpg/news-135.jpg,website_webp/news-135.webp,,984,698,
150,images/WhatsApp Image 2026-10-04 at 9.06.43 PM (2).jpeg,newspaper,STANDARD_CLEANUP,Readable newspaper text preserved,enhanced_jpg/news-150.jpg,website_webp/news-150.webp,,1080,312,
153,images/WhatsApp Image 2026-10-04 at 9.06.46 PM.jpeg,newspaper,STANDARD_CLEANUP,Readable newspaper text preserved,enhanced_jpg/news-153.jpg,website_webp/news-153.webp,,1080,973,
158,images/WhatsApp Image 2026-10-04 at 9.06.51 PM (1).jpeg,newspaper,STANDARD_CLEANUP,Readable newspaper text preserved,enhanced_jpg/news-158.jpg,website_webp/news-158.webp,,1080,383,
174,images/WhatsApp Image 2026-10-04 at 9.07.07 PM.jpeg,newspaper,STANDARD_CLEANUP,Readable newspaper text preserved,enhanced_jpg/news-174.jpg,website_webp/news-174.webp,,1437,966,
177,images/WhatsApp Image 2026-10-04 at 9.07.11 PM (1).jpeg,newspaper,STANDARD_CLEANUP,Readable newspaper text preserved,enhanced_jpg/news-177.jpg,website_webp/news-177.webp,,852,981,
188,images/WhatsApp Image 2026-10-04 at 9.07.18 PM.jpeg,newspaper,STANDARD_CLEANUP,Readable newspaper text preserved,enhanced_jpg/news-188.jpg,website_webp/news-188.webp,,1158,1600,
189,images/WhatsApp Image 2026-10-04 at 9.07.19 PM (1).jpeg,newspaper,STANDARD_CLEANUP,Readable newspaper text preserved,enhanced_jpg/news-189.jpg,website_webp/news-189.webp,,1158,1600,188
190,images/WhatsApp Image 2026-10-04 at 9.07.19 PM.jpeg,newspaper,STANDARD_CLEANUP,Readable newspaper text preserved,enhanced_jpg/news-190.jpg,website_webp/news-190.webp,,1011,343,
191,images/WhatsApp Image 2026-10-04 at 9.07.20 PM (1).jpeg,newspaper,STANDARD_CLEANUP,Readable newspaper text preserved,enhanced_jpg/news-191.jpg,website_webp/news-191.webp,,994,1541,
192,images/WhatsApp Image 2026-10-04 at 9.07.20 PM (2).jpeg,newspaper,STANDARD_CLEANUP,Readable newspaper text preserved,enhanced_jpg/news-192.jpg,website_webp/news-192.webp,,942,1092,
194,images/WhatsApp Image 2026-10-04 at 9.07.21 PM (1).jpeg,newspaper,STANDARD_CLEANUP,Readable newspaper text preserved,enhanced_jpg/news-194.jpg,website_webp/news-194.webp,,990,1347,
195,images/WhatsApp Image 2026-10-04 at 9.07.21 PM.jpeg,newspaper,STANDARD_CLEANUP,Readable newspaper text preserved,enhanced_jpg/news-195.jpg,website_webp/news-195.webp,,990,1414,
196,images/WhatsApp Image 2026-10-04 at 9.07.22 PM.jpeg,newspaper,STANDARD_CLEANUP,Readable newspaper text preserved,enhanced_jpg/news-196.jpg,website_webp/news-196.webp,,993,1507,
197,images/WhatsApp Image 2026-10-04 at 9.07.23 PM.jpeg,newspaper,STANDARD_CLEANUP,Readable newspaper text preserved,enhanced_jpg/news-197.jpg,website_webp/news-197.webp,,994,1541,191
